{"noiseKey":{"private":{"type":"Buffer","data":"cLsSiTYZT9NZ5ut1HMzYKk+6aWT1qQzLSeMSJSu0+3I="},"public":{"type":"Buffer","data":"FSOrP1dO4kH6ddL+9sX+m4KB5UzdHp3GGQEzpPI/TSw="}},"pairingEphemeralKeyPair":{"private":{"type":"Buffer","data":"SIzwFlek34J+k6D8WZLaHTYSlpk2BvdCuyicq0hZl0Q="},"public":{"type":"Buffer","data":"711fe8leEbt6SQy7rNupxvMaHd3KDK50kIUCjOAmx0c="}},"signedIdentityKey":{"private":{"type":"Buffer","data":"OI1e54pey3cYO2o4MdxbqjQPYRuGJsejG6UrMa3Alk4="},"public":{"type":"Buffer","data":"yYqVzWj9a88npcbThxYKomffwWWhcATHIZgjdwEIgxo="}},"signedPreKey":{"keyPair":{"private":{"type":"Buffer","data":"2I6oPiuE12NONthq25N8rGbDutc+Ehq+rOG/x4HIoEY="},"public":{"type":"Buffer","data":"fIX1l5yy10bs9XjfMxKVDvZZX7JnzsQvIy4cud6QeSc="}},"signature":{"type":"Buffer","data":"d4L/Re7gCAJY5+9lbNggE6zbXcl+xAfm68GNmsz4MtpbjTiTHqtlIUk8ouqx2yyZcDj9QjiBSXxk4Kj+RsMAhA=="},"keyId":1},"registrationId":10,"advSecretKey":"A3oqZrQ+3kUErHa6PaYdQP5SK/9eXB+eyi/8hMUopkU=","processedHistoryMessages":[{"key":{"remoteJid":"966557424410@s.whatsapp.net","fromMe":true,"id":"BCEAA9C5F52C178DB2294CB7362B46D1"},"messageTimestamp":1757441600},{"key":{"remoteJid":"966557424410@s.whatsapp.net","fromMe":true,"id":"89CB841279A93D26C816CFB5196F84CC"},"messageTimestamp":1757441600},{"key":{"remoteJid":"966557424410@s.whatsapp.net","fromMe":true,"id":"CD450838A27FD4F4D72C9D005E0C9846"},"messageTimestamp":1757441609},{"key":{"remoteJid":"966557424410@s.whatsapp.net","fromMe":true,"id":"F000099BDE50C2E57DD82591B6C9372D"},"messageTimestamp":1757441615},{"key":{"remoteJid":"966557424410@s.whatsapp.net","fromMe":true,"id":"E5FCC70B0D9321E778685B2A90B690E7"},"messageTimestamp":1757441620},{"key":{"remoteJid":"966557424410@s.whatsapp.net","fromMe":true,"id":"5E3A22A7B1219E53B2DFC9A98041E878"},"messageTimestamp":1757441621}],"nextPreKeyId":172,"firstUnuploadedPreKeyId":172,"accountSyncCounter":0,"accountSettings":{"unarchiveChats":false},"registered":true,"pairingCode":"TEX8RVQE","me":{"id":"966557424410:10@s.whatsapp.net","lid":"53202363924689:10@lid","name":"966557424410"},"account":{"details":"CJT+p+AFELrcgcYGGAEgACgA","accountSignatureKey":"cHmKiznEvN1xiFdUWfJnVsARyDceRSjO+2bPf1jRehA=","accountSignature":"1mkcUpRP4gdDLn99/YIe6ZaV5PXl06LW9ZV7XA7At1InP+VlJFkUMNmXDTf+jndeHb+LOxu5tei+NkTczKh5Cw==","deviceSignature":"9ZQRU8TFYyd6Goh/4hp0mgrnnXEMkdfJQrihfSvWUpvIO0l5okd3LrAg+S5cxHVv9+1uiOFwoSozV9yi+LBciQ=="},"signalIdentities":[{"identifier":{"name":"966557424410:10@s.whatsapp.net","deviceId":0},"identifierKey":{"type":"Buffer","data":"BXB5ios5xLzdcYhXVFnyZ1bAEcg3HkUozvtmz39Y0XoQ"}}],"platform":"android","routingInfo":{"type":"Buffer","data":"CBIIDQ=="},"lastAccountSyncTimestamp":1757442095,"lastPropHash":"PWk5B","myAppStateKeyId":"AAAAAJkZ"}