{"_sessions":{"BTOUXEuwsRtBlph5dgon5GQDirazHbeTEDOnwqSr8H0r":{"registrationId":1900931746,"currentRatchet":{"ephemeralKeyPair":{"pubKey":"BVaefNEloViTacdqabnzuEyriw14R24knUD13GVz/fs5","privKey":"+LQIM5PCQiHVTcUPCbavmdCKKaZagdGWFTx2B76303I="},"lastRemoteEphemeralKey":"BddMWx41QhH3HZ67q1YJC5GDqeHS5BwJ8WBIPYK6u49Q","previousCounter":0,"rootKey":"kAlYw7L8PFPzeFrMk8Qs2fO+beDsA34+0EYklNcJaKo="},"indexInfo":{"baseKey":"BTOUXEuwsRtBlph5dgon5GQDirazHbeTEDOnwqSr8H0r","baseKeyType":1,"closed":-1,"used":1757603115227,"created":1757601219773,"remoteIdentityKey":"BYqW8K4pZSSmErLDK7+IlveokT1M8CuTiR54XJYAGlJT"},"_chains":{"BddMWx41QhH3HZ67q1YJC5GDqeHS5BwJ8WBIPYK6u49Q":{"chainKey":{"counter":0,"key":"9Nnk567EKjQoqU29yayvbRkig20q+b0dJzKEy9B91MM="},"chainType":2,"messageKeys":{}},"BVaefNEloViTacdqabnzuEyriw14R24knUD13GVz/fs5":{"chainKey":{"counter":-1,"key":"MG3DsdgU68cpcX5pEPmeMHZlQp7KgJlviHdorCFGc20="},"chainType":1,"messageKeys":{}}}}},"version":"v1"}