{"_sessions":{"BUZ/y2RxaiXs1CnnWFeY8LT28P1WE/wDErdQzz52pG1h":{"registrationId":732899934,"currentRatchet":{"ephemeralKeyPair":{"pubKey":"BS466axTllMPaCmNeK2CUNTayFiLpi+knx+2j0A1mm5F","privKey":"6H7utgxg/qvS87leBzcUtJJ23NumxyIufFkDIsG2KV0="},"lastRemoteEphemeralKey":"BRYqG3RxYBrRqg3ok9/vdSxMpnXcCtP1NMNWIZ3MMuQx","previousCounter":0,"rootKey":"E2sUwCHvCTkTjBw95+iM7CwmIhfb7nxKhsofaj13Bl4="},"indexInfo":{"baseKey":"BUZ/y2RxaiXs1CnnWFeY8LT28P1WE/wDErdQzz52pG1h","baseKeyType":1,"closed":-1,"used":1757601219782,"created":1757601219782,"remoteIdentityKey":"BWGK6tJG3lw2goefNd89wh6PDPZXxBmzQjrOi6nA4E4O"},"_chains":{"BS466axTllMPaCmNeK2CUNTayFiLpi+knx+2j0A1mm5F":{"chainKey":{"counter":0,"key":"cgheIR10pF+6Xbs9AIq1tJYabi2g7j4HGPLHk4m2Rgk="},"chainType":1,"messageKeys":{}}},"pendingPreKey":{"signedKeyId":0,"baseKey":"BUZ/y2RxaiXs1CnnWFeY8LT28P1WE/wDErdQzz52pG1h","preKeyId":5099324}}},"version":"v1"}