{"_sessions":{"BZcSWFQy7i0yWvBnRhfGHwzskewa87UbHYZpCh0WDpAA":{"registrationId":952886948,"currentRatchet":{"ephemeralKeyPair":{"pubKey":"BaihMyU+jZIuObzJM8xqu20w1EMX+KqD5tTuRKrTgFEO","privKey":"gL2oyvvisxTkIvoTlpfI52pN04QDT3BFIhVQ2ohlqFA="},"lastRemoteEphemeralKey":"Bb93BJxImjMikNVh1mGRbjmeKQmrDBcW0oXXySDr9U4V","previousCounter":0,"rootKey":"LN3LNyFQu0eTFevVi601PYXIT5tke2o/1tGk8ZYNmsM="},"indexInfo":{"baseKey":"BZcSWFQy7i0yWvBnRhfGHwzskewa87UbHYZpCh0WDpAA","baseKeyType":1,"closed":-1,"used":1757601219769,"created":1757601219769,"remoteIdentityKey":"BfxxaosSvOPaWPLtgy/i1B4UqiK6j5bWOwOmXYHQKV1p"},"_chains":{"BaihMyU+jZIuObzJM8xqu20w1EMX+KqD5tTuRKrTgFEO":{"chainKey":{"counter":0,"key":"RtRZWfExZSoSbs8PcStPNaDDyUsxp7VRCymF2gGxvJs="},"chainType":1,"messageKeys":{}}},"pendingPreKey":{"signedKeyId":3084879,"baseKey":"BZcSWFQy7i0yWvBnRhfGHwzskewa87UbHYZpCh0WDpAA","preKeyId":3249}}},"version":"v1"}