{"_sessions":{"BWihfXphxNTBif7jon2jMDg9tCBZYXfEgP3iNKbJfRJL":{"registrationId":375982669,"currentRatchet":{"ephemeralKeyPair":{"pubKey":"BdcDcOLjcwJy2pMmBjY+vq6QLdVRIQr8MUq7DlIe/3wp","privKey":"4AhLrpApMpZ5IsCruxA4wN1NKrew3gktBrDNsWfrCnU="},"lastRemoteEphemeralKey":"BQhCRL0YzWxwgnx3gb5LllRen/9Lt9lc/eYCp0h8khEx","previousCounter":0,"rootKey":"e/Z++4pm+S132Lu+U0ohLmVHSOBVXCUfk0BDwjhDOww="},"indexInfo":{"baseKey":"BWihfXphxNTBif7jon2jMDg9tCBZYXfEgP3iNKbJfRJL","baseKeyType":1,"closed":-1,"used":1757601219753,"created":1757601219753,"remoteIdentityKey":"BZpSJANYPMBOuS0z1/yaI4vt8QPudhojLSYSapsiTktH"},"_chains":{"BdcDcOLjcwJy2pMmBjY+vq6QLdVRIQr8MUq7DlIe/3wp":{"chainKey":{"counter":0,"key":"mN58Ikf/hRy4LDCVlW3I3VuKYVSJdCLj8bL8ymeXou4="},"chainType":1,"messageKeys":{}}},"pendingPreKey":{"signedKeyId":1,"baseKey":"BWihfXphxNTBif7jon2jMDg9tCBZYXfEgP3iNKbJfRJL","preKeyId":1024770}}},"version":"v1"}