{"_sessions":{"BWDyC/5dfNG+uuX83EEuB9vAkLelJur2wEt971bfSph+":{"registrationId":721228728,"currentRatchet":{"ephemeralKeyPair":{"pubKey":"BZmNBVCvsORsTF9w+lkH3vG3R536tTbOlI024hhbk/lK","privKey":"IFcoeZA2C80uqqF/EoQNDAj6ndXjQRIwHFdQ9sxGmm4="},"lastRemoteEphemeralKey":"BXdurHppHvfBGprhIyAxKoi5g9+HSCejSxiBK7YgEwxR","previousCounter":0,"rootKey":"4YQ99wKYBM3PoTR0W0BJvqm82rkruKd9QV/UJi2nQa0="},"indexInfo":{"baseKey":"BWDyC/5dfNG+uuX83EEuB9vAkLelJur2wEt971bfSph+","baseKeyType":1,"closed":-1,"used":1757601219779,"created":1757601219779,"remoteIdentityKey":"BcZYgo87ID06gw/nmCEqsjEqh38CZ+Wbgj1c0fNf0AUD"},"_chains":{"BZmNBVCvsORsTF9w+lkH3vG3R536tTbOlI024hhbk/lK":{"chainKey":{"counter":0,"key":"9buvLNKrT1ZVW6MhZq5oMklNH5MeMhP3E7DKzdDRdqE="},"chainType":1,"messageKeys":{}}},"pendingPreKey":{"signedKeyId":0,"baseKey":"BWDyC/5dfNG+uuX83EEuB9vAkLelJur2wEt971bfSph+"}}},"version":"v1"}