{"_sessions":{"Bbee7ffPlikmnofpdgxWK7uD2GTbLuUr+GuJMeEK4/Ji":{"registrationId":1341309527,"currentRatchet":{"ephemeralKeyPair":{"pubKey":"BchlP3r2drAjv60C9W7p+SESH8jEiJtnl0EGSx4tjSAC","privKey":"UPmfeFkhhETBn5N9Xz2XseLCzCUXYSc+5efe5Xb2hFg="},"lastRemoteEphemeralKey":"BYnPKHRvlC3lxXCDMm/AMIAqb4K7psXY1VaTxIOfC8Vh","previousCounter":0,"rootKey":"784VK+y178Roh5WStQJTEacN6lqa89122ytTGKEQnjo="},"indexInfo":{"baseKey":"Bbee7ffPlikmnofpdgxWK7uD2GTbLuUr+GuJMeEK4/Ji","baseKeyType":1,"closed":-1,"used":1757601219767,"created":1757601219767,"remoteIdentityKey":"Bc+iIlU0Wdb2mM7/ajrAlz5AvzvxkUYcrwbmbaUR6Ro+"},"_chains":{"BchlP3r2drAjv60C9W7p+SESH8jEiJtnl0EGSx4tjSAC":{"chainKey":{"counter":0,"key":"/TC+B8O6z16b9iPisYTeWhhRtfB//d2MW8UhtYc3daY="},"chainType":1,"messageKeys":{}}},"pendingPreKey":{"signedKeyId":33,"baseKey":"Bbee7ffPlikmnofpdgxWK7uD2GTbLuUr+GuJMeEK4/Ji","preKeyId":1037576}}},"version":"v1"}