{"_sessions":{"BYctK4nyCOSNiz/7mdVCj142lzrzuxE6gGgM17usUr1w":{"registrationId":1750448251,"currentRatchet":{"ephemeralKeyPair":{"pubKey":"BeqJ8gukCBlF7hg0m2/1N3/YjXvFVhZQYrwz1ByEVnFg","privKey":"CLUcegxSvxuawn3G61jKd3H+Q+GofMHroNJE8+yy9nE="},"lastRemoteEphemeralKey":"BZJTWv7joTekeef6SnWMp/xsf4TMiidRvgiYrZ+8UFc6","previousCounter":0,"rootKey":"RJguT9Y8/Dudzptw3ahg3dGOcWNdMqd5tqCGJ3Yict8="},"indexInfo":{"baseKey":"BYctK4nyCOSNiz/7mdVCj142lzrzuxE6gGgM17usUr1w","baseKeyType":1,"closed":-1,"used":1757601219766,"created":1757601219766,"remoteIdentityKey":"BbmYdCUT0aJfZTnNplDVt5XcbPSbVCn3r5k4sECRyzt3"},"_chains":{"BeqJ8gukCBlF7hg0m2/1N3/YjXvFVhZQYrwz1ByEVnFg":{"chainKey":{"counter":0,"key":"lddUZhIVqFIrE/aiE2zKpzOb5xJkgM8XH4RFaVg2goY="},"chainType":1,"messageKeys":{}}},"pendingPreKey":{"signedKeyId":8,"baseKey":"BYctK4nyCOSNiz/7mdVCj142lzrzuxE6gGgM17usUr1w","preKeyId":7556503}}},"version":"v1"}