{"_sessions":{"BWuQr0ZUGI7ZIIF/1ATC6DgEO3BB9RumoG+0yjNcNHsj":{"registrationId":2014105107,"currentRatchet":{"ephemeralKeyPair":{"pubKey":"BbEVMI+vSsJ0avEDUWk6jTNkigT67n7rTiwE8TabplJz","privKey":"IEt7075coJO+UVcXqOXmlUf7fGTTQVr9Kgh9t3SgoVE="},"lastRemoteEphemeralKey":"Bf6D+rQm7MpZIukrHELAdl28tbOo/d0rEo4vZxkB3ak3","previousCounter":3,"rootKey":"ioQBR7dqD8i81gSgjDS9e8o48NjAz+5WJiWGTjgRvek="},"indexInfo":{"baseKey":"BWuQr0ZUGI7ZIIF/1ATC6DgEO3BB9RumoG+0yjNcNHsj","baseKeyType":1,"closed":-1,"used":1757602176799,"created":1757600752436,"remoteIdentityKey":"BXB5ios5xLzdcYhXVFnyZ1bAEcg3HkUozvtmz39Y0XoQ"},"_chains":{"BVPzVjPQYrROwJAl688LcZ0TJ5I5e7304qCIsTkFsbNN":{"chainKey":{"counter":1},"chainType":2,"messageKeys":{}},"BXupraUlQ+/S+3Rb/A87BaWb9f6ELEOlPTZcKBPOW6oD":{"chainKey":{"counter":4},"chainType":2,"messageKeys":{}},"BQgrYeGA7pf4LisyCr7S5G69o1860zvsu/dlQeGCUzYS":{"chainKey":{"counter":9},"chainType":2,"messageKeys":{}},"BXwoAwC9OnCSaEjYES6TFEqvC03JNrgMC//jHnheIroS":{"chainKey":{"counter":12},"chainType":2,"messageKeys":{}},"BdeibIcYTMhPEASZyYrChqv+w5eZeGrPfRqZ6iVGwuY5":{"chainKey":{"counter":2},"chainType":2,"messageKeys":{}},"BYw8l4I6o/gtKABW7BLdR/B10x/ExaMaSHDw8PV9Zbcj":{"chainKey":{"counter":1},"chainType":2,"messageKeys":{}},"Bf6D+rQm7MpZIukrHELAdl28tbOo/d0rEo4vZxkB3ak3":{"chainKey":{"counter":1,"key":"Hgu5GaVlGgTlWQu8CaTIOhPALyskXfiJGuOyYWDOE+c="},"chainType":2,"messageKeys":{}},"BbEVMI+vSsJ0avEDUWk6jTNkigT67n7rTiwE8TabplJz":{"chainKey":{"counter":2,"key":"BO3FxjlgR3x2ubchVwO4vH8CQnnYpaQK2DexivYHCis="},"chainType":1,"messageKeys":{}}}}},"version":"v1"}