{"_sessions":{"BQHFcjFoum8WUB+BF92bNnahkR3X0fdxj1Wle3DTp2EL":{"registrationId":9208,"currentRatchet":{"ephemeralKeyPair":{"pubKey":"BUbr65UIJlccknpvEpfOCrG8G1Rso8gsNVpyFRaEvr1I","privKey":"gBlqMUvuQTzhFJwhNTOf7JidMfVHYnPQ7tI0GhXi70k="},"lastRemoteEphemeralKey":"BWWE+fbLlbNZywUzgN3+q1yzpqYjClkS3HoQmXccLyRB","previousCounter":0,"rootKey":"U5Fnasme13Dci9qOCTKY7YBTtUG4I28L0TfaTJKsGCY="},"indexInfo":{"baseKey":"BQHFcjFoum8WUB+BF92bNnahkR3X0fdxj1Wle3DTp2EL","baseKeyType":1,"closed":-1,"used":1757601219780,"created":1757601219780,"remoteIdentityKey":"Bc83kQVERzuV5r00R77wga7+PLJERxBaz4nUM/Kr938y"},"_chains":{"BUbr65UIJlccknpvEpfOCrG8G1Rso8gsNVpyFRaEvr1I":{"chainKey":{"counter":0,"key":"WeWKc67KyO1+M9viPlzlj/LCRd8CrCiYcjzUb2Oz21g="},"chainType":1,"messageKeys":{}}},"pendingPreKey":{"signedKeyId":1,"baseKey":"BQHFcjFoum8WUB+BF92bNnahkR3X0fdxj1Wle3DTp2EL"}}},"version":"v1"}