{"_sessions":{"Bb06UORy0Vt0W0w3OV3thKzLzrwl5JfkYnbjVK1deFU4":{"registrationId":1802,"currentRatchet":{"ephemeralKeyPair":{"pubKey":"BSouN9nOgzkQuVcDTVc9OeugfhLtLLNDRjIUMjhdOA9i","privKey":"ePeI8YKD0txK9eqr85S9fb+dAeRmulhIfu72DrlT+EQ="},"lastRemoteEphemeralKey":"BaI0tsbUGco7iMhLtn+Vz/gqMFC5A5MOSL/FYmGDcwsN","previousCounter":0,"rootKey":"nDbwdAFnIK1Vts7dNZ2FGcNjzRsUqKL8IaYGEcZ+480="},"indexInfo":{"baseKey":"Bb06UORy0Vt0W0w3OV3thKzLzrwl5JfkYnbjVK1deFU4","baseKeyType":1,"closed":-1,"used":1757601219784,"created":1757601219784,"remoteIdentityKey":"Babi2iDgdpYFUWrNDhcuJ6A7g5GPSPC2H/QwFzv0i95X"},"_chains":{"BSouN9nOgzkQuVcDTVc9OeugfhLtLLNDRjIUMjhdOA9i":{"chainKey":{"counter":0,"key":"IUIpqIpjRq2h94IpCFKlh2wxw+Pg3GceQ5AG2GytHxs="},"chainType":1,"messageKeys":{}}},"pendingPreKey":{"signedKeyId":1,"baseKey":"Bb06UORy0Vt0W0w3OV3thKzLzrwl5JfkYnbjVK1deFU4","preKeyId":924}}},"version":"v1"}