{"_sessions":{"Bak9Y8yLg9js6H8zMhvH9kEH/fzukL33CyIY4b4Sw6ww":{"registrationId":2012125310,"currentRatchet":{"ephemeralKeyPair":{"pubKey":"BeyAfGmBXRQdtxZzq9P1hqdhpf3ptPSArEvuUKy27M5e","privKey":"wEOWkROuyBvY2sv32YaoB9TEagRfHOunBJ4DPoylRnU="},"lastRemoteEphemeralKey":"BU2SXtWbkx41FzQ1fxYc5u2A7lycAfpq9AMHNXac21R3","previousCounter":0,"rootKey":"yOJDj7j0Hoib8DIF1B5m1Si+PlOs8nhwZpoqNKc4o0k="},"indexInfo":{"baseKey":"Bak9Y8yLg9js6H8zMhvH9kEH/fzukL33CyIY4b4Sw6ww","baseKeyType":2,"closed":-1,"used":1757602135810,"created":1757602135810,"remoteIdentityKey":"BeTQImUYn2doe/MHtzZAUVD0uTGekzBvPbzWPsNK5LgY"},"_chains":{"BU2SXtWbkx41FzQ1fxYc5u2A7lycAfpq9AMHNXac21R3":{"chainKey":{"counter":1,"key":"VtVnCkmLYXm8VULWiBKrOBAeQyI1SyaiE2O9QE7lP5E="},"chainType":2,"messageKeys":{}},"BeyAfGmBXRQdtxZzq9P1hqdhpf3ptPSArEvuUKy27M5e":{"chainKey":{"counter":-1,"key":"uMLRz00RE5eCnjyxouedZmJjGqPBSVAQrrE0lhoJfy4="},"chainType":1,"messageKeys":{}}}}},"version":"v1"}