{"_sessions":{"BXrqR1HQV7lIm/GCh03sPQFSYqsYOAvFhMYX3lNWCYoy":{"registrationId":1156350926,"currentRatchet":{"ephemeralKeyPair":{"pubKey":"BejpVEIqWhslyd7d0CpBHImktUVwJEBv6QPd/JcBrF1b","privKey":"mBG0ot2oLv4ki8q/snrseuutOIQD6VHmQcFGVyoLtEc="},"lastRemoteEphemeralKey":"BfaawaEg2edGxAZ/qwA480+BsG6c71Qt743q3hVwS4hX","previousCounter":0,"rootKey":"Ypjk6cDppKghh3Origs+Qvsdr2Uvgr90GTtb4+qEsxY="},"indexInfo":{"baseKey":"BXrqR1HQV7lIm/GCh03sPQFSYqsYOAvFhMYX3lNWCYoy","baseKeyType":1,"closed":-1,"used":1757601219752,"created":1757601219752,"remoteIdentityKey":"BTsPJzkVtWhulXoPbjcgj8nh8xxlfEyNgjYMyxMwO+hK"},"_chains":{"BejpVEIqWhslyd7d0CpBHImktUVwJEBv6QPd/JcBrF1b":{"chainKey":{"counter":0,"key":"pfGrIdI+84hqUTKZqabSHNGlcWo7DVQOgUJ77YZlnsE="},"chainType":1,"messageKeys":{}}},"pendingPreKey":{"signedKeyId":15,"baseKey":"BXrqR1HQV7lIm/GCh03sPQFSYqsYOAvFhMYX3lNWCYoy","preKeyId":6753043}}},"version":"v1"}