{"_sessions":{"BcQXusJyPbzmxWp0JEhsqxcfLONDgJc7uUix5hkxKO1x":{"registrationId":500265335,"currentRatchet":{"ephemeralKeyPair":{"pubKey":"Bf9UaXbZyY2G/sXHyrFjBDzKoyzgvV7VGePfy341R5ho","privKey":"kB6tHlFJijXjFZnUkKqa5oqXX9kz0YJZfqQrwC/DrXo="},"lastRemoteEphemeralKey":"BdGHboWy8eWM7pKnFxj22wjuMgrJmKLhr+dpRRS6S9xb","previousCounter":0,"rootKey":"rl10ZrDkQSFO7EALQKc3qR7UcT+13qfRp8sJE4yBtvg="},"indexInfo":{"baseKey":"BcQXusJyPbzmxWp0JEhsqxcfLONDgJc7uUix5hkxKO1x","baseKeyType":1,"closed":-1,"used":1757601469020,"created":1757601469020,"remoteIdentityKey":"BUdaXjFUiZ/QsvucHgbwgBqM/FxJ1TWdPxBneREkkw5s"},"_chains":{"Bf9UaXbZyY2G/sXHyrFjBDzKoyzgvV7VGePfy341R5ho":{"chainKey":{"counter":0,"key":"XesLl0E8cTavOmPj/aKay1JVNJ1q7uIhHdxoOF9J8T8="},"chainType":1,"messageKeys":{}}},"pendingPreKey":{"signedKeyId":5,"baseKey":"BcQXusJyPbzmxWp0JEhsqxcfLONDgJc7uUix5hkxKO1x","preKeyId":15666150}}},"version":"v1"}