{"_sessions":{"Bao7iK0sZaLmt2y1bv4kALKSG8ae0daAV4vP8nE7W5hW":{"registrationId":410295941,"currentRatchet":{"ephemeralKeyPair":{"pubKey":"Bcr8IzcWdQQjqXd/kf/odDf7e3r4HxFU6Pdn4P64yelf","privKey":"YHsOuFlKk7y3JtE1rSELD9EMRFlEZ/IYAxT8PUuADEo="},"lastRemoteEphemeralKey":"BfIhGxE9v9EK/IRVh+Haha1B3s0LwP+ZUejv/hIJCbtZ","previousCounter":0,"rootKey":"gEDfoes3+1fhC8Vbu8vKlJaFMfwAAQLREPFr8jZYR4s="},"indexInfo":{"baseKey":"Bao7iK0sZaLmt2y1bv4kALKSG8ae0daAV4vP8nE7W5hW","baseKeyType":1,"closed":-1,"used":1757601219775,"created":1757601219775,"remoteIdentityKey":"BRLOAHZd3QUO/KaLfovCQ43U0ZpzqI2hFpT5nrrAwmpk"},"_chains":{"Bcr8IzcWdQQjqXd/kf/odDf7e3r4HxFU6Pdn4P64yelf":{"chainKey":{"counter":0,"key":"ZeTzeCdLoNtWA3WZBMcDNreh/l95CjEotEJ2enjqibo="},"chainType":1,"messageKeys":{}}},"pendingPreKey":{"signedKeyId":14107690,"baseKey":"Bao7iK0sZaLmt2y1bv4kALKSG8ae0daAV4vP8nE7W5hW","preKeyId":4790}}},"version":"v1"}