{"_sessions":{"BYs9d3FQ60TO1Qm+azbh5PgIYon1DEAkjU+fxQFbtZFf":{"registrationId":63276791,"currentRatchet":{"ephemeralKeyPair":{"pubKey":"BY68S/PvIhycnlNAadGg8xb/ag7kfGUeOdr4el1Orctf","privKey":"8JxtLnCqlHbtupSugru7WdrXJkqsvfRBtl54GL+ZsGc="},"lastRemoteEphemeralKey":"BRbaKeX0ePvbeCmjDbXMP0SgHXsiPbzDi2I/QhX1FDcd","previousCounter":0,"rootKey":"nCndplzHh/pPTEOoSybSUSNM90LjyIYJEstRu0XCxwE="},"indexInfo":{"baseKey":"BYs9d3FQ60TO1Qm+azbh5PgIYon1DEAkjU+fxQFbtZFf","baseKeyType":1,"closed":-1,"used":1757601219761,"created":1757601219761,"remoteIdentityKey":"BYI6prXCrseD0odjNrDShd0pbif4ujone+R2T2KBuVgn"},"_chains":{"BY68S/PvIhycnlNAadGg8xb/ag7kfGUeOdr4el1Orctf":{"chainKey":{"counter":0,"key":"aT7WrfbRpVjfAD0CPVhjy1SNQdrtFV6QAfgxb3C3Uhk="},"chainType":1,"messageKeys":{}}},"pendingPreKey":{"signedKeyId":7,"baseKey":"BYs9d3FQ60TO1Qm+azbh5PgIYon1DEAkjU+fxQFbtZFf","preKeyId":13743930}}},"version":"v1"}