{"_sessions":{"BbxqRbAEgxs7bWrJzmSbwr1DDikbMYVlRbadLDbLNfoG":{"registrationId":10,"currentRatchet":{"ephemeralKeyPair":{"pubKey":"BWqn8vVDcV15XCjIZsDAaN4MCt31J0Bl7Iv3/ObSCsgF","privKey":"6IKWvCapoI9Zr7CzwTHLjzfpQcKM4CtWvW5R7uWExko="},"lastRemoteEphemeralKey":"BXyF9ZecstdG7PV43zMSlQ72WV+yZ87ELyMuHLnekHkn","previousCounter":0,"rootKey":"ULWcviJf5md4AVyiYJTZ3AlzeAHFeSFvCSW43c5jOqY="},"indexInfo":{"baseKey":"BbxqRbAEgxs7bWrJzmSbwr1DDikbMYVlRbadLDbLNfoG","baseKeyType":1,"closed":-1,"used":1757601219781,"created":1757601219781,"remoteIdentityKey":"BcmKlc1o/WvPJ6XG04cWCqJn38FloXAExyGYI3cBCIMa"},"_chains":{"BWqn8vVDcV15XCjIZsDAaN4MCt31J0Bl7Iv3/ObSCsgF":{"chainKey":{"counter":1,"key":"JHZKiY8ucHjuDKTlHs8/iGWT3X4rR2YVbvfYOQqsy4k="},"chainType":1,"messageKeys":{}}},"pendingPreKey":{"signedKeyId":1,"baseKey":"BbxqRbAEgxs7bWrJzmSbwr1DDikbMYVlRbadLDbLNfoG","preKeyId":52}}},"version":"v1"}