{"_sessions":{"BXXv7iItmsTZ7BQJxKM2CdnR/Yo/V+1GDaMVlfnPlyJA":{"registrationId":969553302,"currentRatchet":{"ephemeralKeyPair":{"pubKey":"BXAqo/CGYhBij8Knzo5NS2Dw/4feTEdH/IsdqnO4KlQ9","privKey":"uPoYiJrHB8eax7f/61b6exdOnJqoaYRWMdmdn+x7kXo="},"lastRemoteEphemeralKey":"BdIxOfTYhLFq6MhWx5i6X23Z91eujQFVyTRS7DHX5AZg","previousCounter":0,"rootKey":"uWhwV9w3es8u3fMx+R0DW/8H+BHywQOi8WsO0sNMLac="},"indexInfo":{"baseKey":"BXXv7iItmsTZ7BQJxKM2CdnR/Yo/V+1GDaMVlfnPlyJA","baseKeyType":1,"closed":-1,"used":1757601469018,"created":1757601469018,"remoteIdentityKey":"BZQbFtCJiRZoTyxmIQYB8B180J17q5Y7lHHQWrcNbToh"},"_chains":{"BXAqo/CGYhBij8Knzo5NS2Dw/4feTEdH/IsdqnO4KlQ9":{"chainKey":{"counter":0,"key":"N/G7xBxp9tv0nOU7GX12DpjLv+q9fSZJrtZ45LK8Zls="},"chainType":1,"messageKeys":{}}},"pendingPreKey":{"signedKeyId":482726,"baseKey":"BXXv7iItmsTZ7BQJxKM2CdnR/Yo/V+1GDaMVlfnPlyJA","preKeyId":8259}}},"version":"v1"}