{"_sessions":{"BSyFTOWWLcYljAK6UU3N3+gOZutSEtOu+TmpAHmNGvo0":{"registrationId":562254291,"currentRatchet":{"ephemeralKeyPair":{"pubKey":"BTDLpTLONRk8TWbcwmRAGbf/f1O4JE6fD3hT7HJwN5xL","privKey":"cCsGWgbI3XTtdSwpY2Mqq/lzAab5ZC+ggJARSW/oVUE="},"lastRemoteEphemeralKey":"BaeF08o1mCfzznKB/VKDajdVq8vBJ7dzN6aSW+fWqhB9","previousCounter":0,"rootKey":"wrjCtNXRlDO2aXDZMyqsh2QqW9Mb7SGk+EFyse1gEsY="},"indexInfo":{"baseKey":"BSyFTOWWLcYljAK6UU3N3+gOZutSEtOu+TmpAHmNGvo0","baseKeyType":1,"closed":-1,"used":1757601219762,"created":1757601219762,"remoteIdentityKey":"BUlNyQZju3irJqG0nTWLMO32jKIdAR7Ti6aIgZBkcWJr"},"_chains":{"BTDLpTLONRk8TWbcwmRAGbf/f1O4JE6fD3hT7HJwN5xL":{"chainKey":{"counter":0,"key":"61nyoc/wNdwO/nVgwIN7lhv9WvmJwRRWLfx/PXerBF8="},"chainType":1,"messageKeys":{}}},"pendingPreKey":{"signedKeyId":13720181,"baseKey":"BSyFTOWWLcYljAK6UU3N3+gOZutSEtOu+TmpAHmNGvo0","preKeyId":2488}}},"version":"v1"}