{"_sessions":{"BXXL3uFltQqXHGUynUQ09HCQ4JYnvf4uBrIDl2qwKt8P":{"registrationId":1402653181,"currentRatchet":{"ephemeralKeyPair":{"pubKey":"BZovI3O4AjNReQWlH81qR+k+/m5PqN/RX5FFTgdccBF9","privKey":"6Mpdbbe8AOURz9PMNzmHDSueHc4ZXvThw0GBypm4dUc="},"lastRemoteEphemeralKey":"BU8prR0HqO6ioL6qQ+5uCxgG9p4XrHMWP5ks41ikhpM5","previousCounter":0,"rootKey":"R+j4P6BeFXWjsIJlJ29HbT0zabdG0PBbeMStfWHwNd8="},"indexInfo":{"baseKey":"BXXL3uFltQqXHGUynUQ09HCQ4JYnvf4uBrIDl2qwKt8P","baseKeyType":1,"closed":-1,"used":1757601668192,"created":1757601469024,"remoteIdentityKey":"BfwIHc5k8guaqdC2pQGB7ebLYu+qAGeDu3lPIM20NUAl"},"_chains":{"BU8prR0HqO6ioL6qQ+5uCxgG9p4XrHMWP5ks41ikhpM5":{"chainKey":{"counter":0,"key":"dQ6YWd4ucTys230bbkdiao6oNWVgwn2bPfmKZMSBTPg="},"chainType":2,"messageKeys":{}},"BZovI3O4AjNReQWlH81qR+k+/m5PqN/RX5FFTgdccBF9":{"chainKey":{"counter":-1,"key":"VUJCBmT2Ej4Qa31SydeHXEn4JjiYQW8nTMhoxL7wvX4="},"chainType":1,"messageKeys":{}}}}},"version":"v1"}