{"_sessions":{"BXXUfc3mHdJ3vzv/YzRg8Y/pXGxZBbGWdMrb0JpnGVIB":{"registrationId":440288117,"currentRatchet":{"ephemeralKeyPair":{"pubKey":"BZQ2yqL4jfaHXS3XJLCGodCEJRXvRfbITUFpFL9D5U5Z","privKey":"iLVu2lkaE/rwrVFTrC6962rEuxLbBat9otVSZ9AK814="},"lastRemoteEphemeralKey":"BQEf8U9ucD8eoQvCCDiwRR1wU9ow8b3jGACV14ExYuNI","previousCounter":0,"rootKey":"fjR9Quq7FJPbWX74vyIeTynI+S4Lrs0VbOO1s39zWRc="},"indexInfo":{"baseKey":"BXXUfc3mHdJ3vzv/YzRg8Y/pXGxZBbGWdMrb0JpnGVIB","baseKeyType":1,"closed":-1,"used":1757601219758,"created":1757601219758,"remoteIdentityKey":"Ba9hycB2kuM/Plm/BlLH74y1LF5OuMlj5VgfkNdXZnZw"},"_chains":{"BZQ2yqL4jfaHXS3XJLCGodCEJRXvRfbITUFpFL9D5U5Z":{"chainKey":{"counter":0,"key":"/8yzCAi5QZHLjHGX6ORthzEmysXy/kyljvTFgUk+TXg="},"chainType":1,"messageKeys":{}}},"pendingPreKey":{"signedKeyId":9,"baseKey":"BXXUfc3mHdJ3vzv/YzRg8Y/pXGxZBbGWdMrb0JpnGVIB","preKeyId":10962165}}},"version":"v1"}