{"_sessions":{"BcX022NIixwjlImJyZCJrMv7B4gW6r2dWSFBuZseTNk4":{"registrationId":1701488370,"currentRatchet":{"ephemeralKeyPair":{"pubKey":"BWrDswoZFyWRRwCxfMwhoOOdOlAm/VKaf/kSE2r98ONT","privKey":"oL1gBwb6H8gTlsDhCR9PrQn3EKOcO/8OKzUnjrOenEw="},"lastRemoteEphemeralKey":"BSqOTyFqDVdgsALuQd54F1bdLPQVeQYJ4QNNHd90AhYV","previousCounter":0,"rootKey":"slNORwEwb6zG3SpUQna1NL1ZzCH8PwZydIBk0z0sAyM="},"indexInfo":{"baseKey":"BcX022NIixwjlImJyZCJrMv7B4gW6r2dWSFBuZseTNk4","baseKeyType":2,"closed":1757601219335,"used":1757601217122,"created":1757601217122,"remoteIdentityKey":"BZLtzDIe32948zWxEpmmMvkT1e+Dk2Uqi/zJu+tIb0kp"},"_chains":{"BSqOTyFqDVdgsALuQd54F1bdLPQVeQYJ4QNNHd90AhYV":{"chainKey":{"counter":2,"key":"8TO2YQTpGV1EJeQs2TF2J09lIp2FfFM83yOhR6o8xDc="},"chainType":2,"messageKeys":{"1":"ghncW5vlwZZ/AL7tc2UKmPKzCLDTDsFeV63e+SxCrxI="}},"BWrDswoZFyWRRwCxfMwhoOOdOlAm/VKaf/kSE2r98ONT":{"chainKey":{"counter":-1,"key":"0Vw48nVloI3UXUoZPWW/ygXtOIOD0z5+LIm+X3jDGPM="},"chainType":1,"messageKeys":{}}}},"BWW5ku3IZ0JeDwRO61KSDR4+A4tCnlT9C5LYeJAj8Cgn":{"registrationId":1701488370,"currentRatchet":{"ephemeralKeyPair":{"pubKey":"BSVJdyrvAepJxPAUZ7om4u7QO+AmDvdYPQU51ZQRoQtV","privKey":"MBM34DBsMZd2gADxFQxOpwsfODtFC9had5KovDQtenw="},"lastRemoteEphemeralKey":"BYwT7ZYQquPlLm+/9+CNlIlgW5r9qpUmlmDnOiBbb0ZO","previousCounter":0,"rootKey":"hTeMADXNwYS8Add4LK9UAUld7veh0OHZY8atzUd0Hpc="},"indexInfo":{"baseKey":"BWW5ku3IZ0JeDwRO61KSDR4+A4tCnlT9C5LYeJAj8Cgn","baseKeyType":2,"closed":1757601468586,"used":1757601219336,"created":1757601219336,"remoteIdentityKey":"BZLtzDIe32948zWxEpmmMvkT1e+Dk2Uqi/zJu+tIb0kp"},"_chains":{"BYwT7ZYQquPlLm+/9+CNlIlgW5r9qpUmlmDnOiBbb0ZO":{"chainKey":{"counter":0,"key":"35i9JGjmd10xKkrqez/M4RgkqluSw+vc5oWhqs+hUzo="},"chainType":2,"messageKeys":{}},"BSVJdyrvAepJxPAUZ7om4u7QO+AmDvdYPQU51ZQRoQtV":{"chainKey":{"counter":0,"key":"Y/+FUr1zV+e8uq4Jd6H4K41ux7l8m1sHtkB7aeqIUTc="},"chainType":1,"messageKeys":{}}}},"BQMMGBF78JFoQCzkJO2Smhb66OUXc2VPVK8WrTeBjBpV":{"registrationId":1701488370,"currentRatchet":{"ephemeralKeyPair":{"pubKey":"BXa1BfGcof1ehTVRZEHts/f5fH8heVFTkK137RpZSl9v","privKey":"EAMSzFE6Ic1E3iH6/sCJdND0RGYMoX0Ol2fKmAXL4FQ="},"lastRemoteEphemeralKey":"BQShESHFB9WdVL6DBOdG9fdGs/Roy9WmmeYRIiDPzQtm","previousCounter":0,"rootKey":"+cNnAzw2D5c5VtQMOL/4gQKgCT446DOCCTSLsE22u+g="},"indexInfo":{"baseKey":"BQMMGBF78JFoQCzkJO2Smhb66OUXc2VPVK8WrTeBjBpV","baseKeyType":2,"closed":-1,"used":1757601468588,"created":1757601468588,"remoteIdentityKey":"BZLtzDIe32948zWxEpmmMvkT1e+Dk2Uqi/zJu+tIb0kp"},"_chains":{"BQShESHFB9WdVL6DBOdG9fdGs/Roy9WmmeYRIiDPzQtm":{"chainKey":{"counter":0,"key":"NH6G/q7OC8NM9lL/J/1B4MHz3B+znkiiyPUtLsXR1UM="},"chainType":2,"messageKeys":{}},"BXa1BfGcof1ehTVRZEHts/f5fH8heVFTkK137RpZSl9v":{"chainKey":{"counter":0,"key":"EULJRARqihigarIv3b/fqKXR3Jbwe8ny4EmZo7ThV+s="},"chainType":1,"messageKeys":{}}}}},"version":"v1"}