{"_sessions":{"BTksN4yvbtFZ6zsIMzUauFmQk3z506L6mh4eLqxC0Wl+":{"registrationId":515077821,"currentRatchet":{"ephemeralKeyPair":{"pubKey":"BeVGsZp8eAIrct74fhbB1P4f5J1pftajEP29SNF3Bygb","privKey":"aAlfUpfb4fRSQhAz3evcDebTXknC1B80Fi4Dc7cP33Y="},"lastRemoteEphemeralKey":"Be8wi8wqYYbPWKfshfQuqPfhy++wXUwskze0W4hMMmIK","previousCounter":0,"rootKey":"DvDxbScCxNgDfLbw3yT1VXSwsCiKRI/hsicmF/owkic="},"indexInfo":{"baseKey":"BTksN4yvbtFZ6zsIMzUauFmQk3z506L6mh4eLqxC0Wl+","baseKeyType":1,"closed":-1,"used":1757601219757,"created":1757601219757,"remoteIdentityKey":"BXXt0VDZOR4jF7374zrzdQDClz2GVWVdO0Tlor/qq6sW"},"_chains":{"BeVGsZp8eAIrct74fhbB1P4f5J1pftajEP29SNF3Bygb":{"chainKey":{"counter":0,"key":"E8U6IuMDXpu5vA1CXDWnX9uHW4bcxAKIDE0yDI9XhpM="},"chainType":1,"messageKeys":{}}},"pendingPreKey":{"signedKeyId":9,"baseKey":"BTksN4yvbtFZ6zsIMzUauFmQk3z506L6mh4eLqxC0Wl+","preKeyId":11429717}}},"version":"v1"}