{"_sessions":{"BWZrN/GarMsq80cLtXcgkPamPNxYyxfKSCY6vGKg7KsS":{"registrationId":179375119,"currentRatchet":{"ephemeralKeyPair":{"pubKey":"BTQz3QI6lhxOL9AbDkDod/jBFPaV4UVwXk29BP4H+ssO","privKey":"+FMu1r7k2yeHJiayZoIdlMS0cl92zyiDonapm6vqCEY="},"lastRemoteEphemeralKey":"BbNyUn0O3BznotArDlwFlLdr20BwS/g1Fc58blQHVB4u","previousCounter":0,"rootKey":"rVToRWYBLgySAIru1MZSgiL7GkA4+I1ew8LAMOBhp8o="},"indexInfo":{"baseKey":"BWZrN/GarMsq80cLtXcgkPamPNxYyxfKSCY6vGKg7KsS","baseKeyType":1,"closed":-1,"used":1757601219776,"created":1757601219776,"remoteIdentityKey":"BUrnGnInA2N8PWUE5AxKoLIcVWKmV0FqSCnqx3yH0RYj"},"_chains":{"BTQz3QI6lhxOL9AbDkDod/jBFPaV4UVwXk29BP4H+ssO":{"chainKey":{"counter":0,"key":"ibU121xxAcW94S1m3ACmy4MG8ttEvZatRjNQJ4A/yhA="},"chainType":1,"messageKeys":{}}},"pendingPreKey":{"signedKeyId":8778330,"baseKey":"BWZrN/GarMsq80cLtXcgkPamPNxYyxfKSCY6vGKg7KsS","preKeyId":13750}}},"version":"v1"}