{"_sessions":{"BU9q3zpVTTbIEbLyeuE9COOYb+4VXQ3RGTaVlXJ5Xr9z":{"registrationId":1359981824,"currentRatchet":{"ephemeralKeyPair":{"pubKey":"BZXH4ityHKfAkP5vZBXuKHe+0HXmjmk8ul0XIFH0zQtt","privKey":"cD1Xt7M2meGHNOomJVkx3EDYdr+j15ns+IU5oZ3FKVI="},"lastRemoteEphemeralKey":"BVH3G8G7qyDCpmRft4M0BPBbj8rEiW3ZPBxBGPnQzQsK","previousCounter":0,"rootKey":"3iiHHyx6MhglGygNlEtkB0Z+hjLjQ2tA4ablukd0j0k="},"indexInfo":{"baseKey":"BU9q3zpVTTbIEbLyeuE9COOYb+4VXQ3RGTaVlXJ5Xr9z","baseKeyType":1,"closed":-1,"used":1757601469020,"created":1757601469020,"remoteIdentityKey":"BQsLI4U+mJqSUg1kvRxwbnA4LaQZLkvZv5SY8ZFBG7VN"},"_chains":{"BZXH4ityHKfAkP5vZBXuKHe+0HXmjmk8ul0XIFH0zQtt":{"chainKey":{"counter":0,"key":"pd3oNAAoPLL7qU5j1mxH7a+UwwMqEwd41gRW71WxWzc="},"chainType":1,"messageKeys":{}}},"pendingPreKey":{"signedKeyId":4,"baseKey":"BU9q3zpVTTbIEbLyeuE9COOYb+4VXQ3RGTaVlXJ5Xr9z","preKeyId":821519}}},"version":"v1"}