{"_sessions":{"BVtP+VEdzfkX8+QtzR4Eg84rxRMnrkvkY9iH5PermpES":{"registrationId":1425766666,"currentRatchet":{"ephemeralKeyPair":{"pubKey":"Be4uR7nzEmamMcZPeZaJGW397rdF9l696yWE2xapCkh+","privKey":"kP07pbznErQTw3MhSsfIDUM8Zf4EloUrHToueANZDls="},"lastRemoteEphemeralKey":"BYMQGwMjIjr7jJyg9TtDH0+ArL6dwWv8L+7EtSdap2El","previousCounter":0,"rootKey":"6KLC0I+Qj+n3NsD9q+H8/D6QxeRVv8q2NjyAFsjl2sE="},"indexInfo":{"baseKey":"BVtP+VEdzfkX8+QtzR4Eg84rxRMnrkvkY9iH5PermpES","baseKeyType":1,"closed":-1,"used":1757601219783,"created":1757601219783,"remoteIdentityKey":"BZ2p1Bsruhd81SDokRSBVgR7xdf4yJjpjiu0K5XVCkMx"},"_chains":{"Be4uR7nzEmamMcZPeZaJGW397rdF9l696yWE2xapCkh+":{"chainKey":{"counter":0,"key":"ONRtBcnA4tR/rqobryW3tIvQDqDeekYcGjdQD0bqvaY="},"chainType":1,"messageKeys":{}}},"pendingPreKey":{"signedKeyId":2,"baseKey":"BVtP+VEdzfkX8+QtzR4Eg84rxRMnrkvkY9iH5PermpES","preKeyId":2492682}}},"version":"v1"}