{"_sessions":{"BaIvnFLUbS/LI+gpbOlOeaWg6BXVIOZHVNypzapxd2dF":{"registrationId":1745571764,"currentRatchet":{"ephemeralKeyPair":{"pubKey":"BRudZIHKrLAO/HezIKB0HCJvsRtT3kWL/L82uBcd2288","privKey":"iC2Y07dD3mBDOsQF8dgi8tkTs/DIQV0C3CBrmtxpakI="},"lastRemoteEphemeralKey":"BZ+jB9/PICdQHJUHndvJWDhOWzkqwD6jmH3FeHRx1LxZ","previousCounter":0,"rootKey":"R5magjaxeOFopvSRAy0P6UFErQtg/XKu6CNTtTMiZGk="},"indexInfo":{"baseKey":"BaIvnFLUbS/LI+gpbOlOeaWg6BXVIOZHVNypzapxd2dF","baseKeyType":1,"closed":-1,"used":1757601219760,"created":1757601219760,"remoteIdentityKey":"BRfl58AGzW4PW6G80IMS4+BZuEGmGu4/2Dz9w5XnOV0X"},"_chains":{"BRudZIHKrLAO/HezIKB0HCJvsRtT3kWL/L82uBcd2288":{"chainKey":{"counter":0,"key":"p2WcpreeUfkRiqSh2IU58EWftAy2Fxl60XQ/gPRfsM4="},"chainType":1,"messageKeys":{}}},"pendingPreKey":{"signedKeyId":22,"baseKey":"BaIvnFLUbS/LI+gpbOlOeaWg6BXVIOZHVNypzapxd2dF","preKeyId":6301750}}},"version":"v1"}