{"_sessions":{"BZ1+o++hTopHEkyYxgX8bSdHxVctaxGrr8wOUM/D+nBA":{"registrationId":963756865,"currentRatchet":{"ephemeralKeyPair":{"pubKey":"BV4D+lEFRrfnUylnNpQQedbyyulMiz8s8zJNk5m43gtk","privKey":"iFSATidRqusTbfys+YJurQCi5HsaxicYN4BQoohN5FM="},"lastRemoteEphemeralKey":"BQFEZfsiekAau966U0aXSH0LvvrgcD6PMVLi41SF3cBK","previousCounter":0,"rootKey":"AWu9FQs3QEfmnq5Ea2AZWGcPGgACd8nBDU1GafMDN8A="},"indexInfo":{"baseKey":"BZ1+o++hTopHEkyYxgX8bSdHxVctaxGrr8wOUM/D+nBA","baseKeyType":1,"closed":-1,"used":1757601469022,"created":1757601469022,"remoteIdentityKey":"BSiXH8+4fhd+S3k0IjwDaLLQ0clFw9Pk0VQmWBubEqYB"},"_chains":{"BV4D+lEFRrfnUylnNpQQedbyyulMiz8s8zJNk5m43gtk":{"chainKey":{"counter":0,"key":"5jsRZ30KuPJmA8npqcgIcc3ZRs4sw+rY8tW/X1M7NkM="},"chainType":1,"messageKeys":{}}},"pendingPreKey":{"signedKeyId":2,"baseKey":"BZ1+o++hTopHEkyYxgX8bSdHxVctaxGrr8wOUM/D+nBA","preKeyId":8222166}}},"version":"v1"}