{"_sessions":{"BRmBAwvNFQX/2vIyvmR56p2ud9YB3ngh8D34JkXWfTYD":{"registrationId":1572022493,"currentRatchet":{"ephemeralKeyPair":{"pubKey":"BeFbLAeJqD2wiVBVr10GT3LzHWxUCR010D8HYsswbmRF","privKey":"sFK64kK680/tmTCEFpJk6dFaQhoUQDEZGih8arqkoEY="},"lastRemoteEphemeralKey":"BRASlzIe1ZbzxGjYbANkEDra83XJzG0dr6R9uSIaipN/","previousCounter":0,"rootKey":"+gb1kbvmS/ntuZ3qpqdqG4YbbwHmqWKjgLa0zutuGN4="},"indexInfo":{"baseKey":"BRmBAwvNFQX/2vIyvmR56p2ud9YB3ngh8D34JkXWfTYD","baseKeyType":1,"closed":-1,"used":1757601219771,"created":1757601219771,"remoteIdentityKey":"BXTILeztLdHs1HvOI/haZt9JFSkbK08AKOUYc4pKR7YU"},"_chains":{"BeFbLAeJqD2wiVBVr10GT3LzHWxUCR010D8HYsswbmRF":{"chainKey":{"counter":0,"key":"bdETXI1bQXWKSycxASbdzd/lJSFi+/NIGKPkNlSCbZI="},"chainType":1,"messageKeys":{}}},"pendingPreKey":{"signedKeyId":37,"baseKey":"BRmBAwvNFQX/2vIyvmR56p2ud9YB3ngh8D34JkXWfTYD","preKeyId":7184051}}},"version":"v1"}