{"_sessions":{"Bc2qbL+a1Kvgy1HNM0htSW15AVR9zbFgIK4BjublxsIJ":{"registrationId":1069974181,"currentRatchet":{"ephemeralKeyPair":{"pubKey":"Bamsn8I14SDRRtR0mqtTurRLCDx5+Pd5P9dispB68CUu","privKey":"kCnkDEuR4Tsj8tH3AbRFJ0HkkiRm6jH72/C41fXlTX8="},"lastRemoteEphemeralKey":"BUO1+U9xp+Ek0W5tk0gIGZxNuitoHtNwYSnw3ku26zZU","previousCounter":0,"rootKey":"SONBd7cdopD7CYtb9n47Z1N0fJz/vemnCZmsjAUCMJM="},"indexInfo":{"baseKey":"Bc2qbL+a1Kvgy1HNM0htSW15AVR9zbFgIK4BjublxsIJ","baseKeyType":1,"closed":-1,"used":1757601219755,"created":1757601219755,"remoteIdentityKey":"BdVngtHAxkWzoPacoqRVj8rOB3t6lFOfuMvUa1udTpNi"},"_chains":{"Bamsn8I14SDRRtR0mqtTurRLCDx5+Pd5P9dispB68CUu":{"chainKey":{"counter":0,"key":"ci7Nym15qAvPfzv4iCiHSoLXXSbEw7aWA/2WsbLy8t4="},"chainType":1,"messageKeys":{}}},"pendingPreKey":{"signedKeyId":13,"baseKey":"Bc2qbL+a1Kvgy1HNM0htSW15AVR9zbFgIK4BjublxsIJ","preKeyId":4680041}}},"version":"v1"}