{"_sessions":{"BfLuLmJ9+yBKPZsaUfrfkj3r3RKkG+JjkXC/nmCM6wBo":{"registrationId":193711718,"currentRatchet":{"ephemeralKeyPair":{"pubKey":"BUiz3CEZLnlmdCt0eMTjEZficiahuUGwtRr2TqFlvUg0","privKey":"gLdBQUGN0dHoIdTIgI9XrUlZAnfNB4Z0UD0ksVsE+X0="},"lastRemoteEphemeralKey":"BX5iMeUsmOXaJXcHkAcbTLWgz2v3MvyJ55zbycKQMp9p","previousCounter":0,"rootKey":"eGPpv6FNPiDOKKwNIoWwBePrQgk8bOy7EPviFmJ59zk="},"indexInfo":{"baseKey":"BfLuLmJ9+yBKPZsaUfrfkj3r3RKkG+JjkXC/nmCM6wBo","baseKeyType":1,"closed":-1,"used":1757601476856,"created":1757601469024,"remoteIdentityKey":"BfpunQPt2TFnTsyv9nd6WMnbsyyuOwnmPZ1ZzYufPzhu"},"_chains":{"BX5iMeUsmOXaJXcHkAcbTLWgz2v3MvyJ55zbycKQMp9p":{"chainKey":{"counter":0,"key":"f8NqD9dHRa0jVNicHC+BykKm5yTkoLWvgsJCLepeLzE="},"chainType":2,"messageKeys":{}},"BUiz3CEZLnlmdCt0eMTjEZficiahuUGwtRr2TqFlvUg0":{"chainKey":{"counter":-1,"key":"3bWYYdlZaVprde7nCCYeIdFEtL+O3Za/e5kWJUmeh/E="},"chainType":1,"messageKeys":{}}}}},"version":"v1"}