{"_sessions":{"BWPRdsKTBC0zlJM5usOMNZENRJLyKzF5D40SZaeIddJq":{"registrationId":512902123,"currentRatchet":{"ephemeralKeyPair":{"pubKey":"BSrnjVZ6IaOSC+HrFyrL61wikXaNjur309vmsMsr8hwQ","privKey":"mNTZhHsqZ/elSWlodegHlSLA6wbLHJddBUvMF6wgqFc="},"lastRemoteEphemeralKey":"BSgzNDA7NL8zIRf1QAQwprpqMQrCGIntKN3tV3aWVVIU","previousCounter":0,"rootKey":"ZfIcG0oX0zgxENW/dTgnPMe8TVyHZ5uCc7xcIhWGJGM="},"indexInfo":{"baseKey":"BWPRdsKTBC0zlJM5usOMNZENRJLyKzF5D40SZaeIddJq","baseKeyType":2,"closed":1757601818124,"used":1757601493162,"created":1757601493162,"remoteIdentityKey":"BVHQYfd9f4uLNrzwEwIFnFFDysj2kpfVtW52c9bkmgRL"},"_chains":{"BSgzNDA7NL8zIRf1QAQwprpqMQrCGIntKN3tV3aWVVIU":{"chainKey":{"counter":0,"key":"IwoF/TqNVXP9E3veeCDvYtTO4vDC2v54YlFzPdzU/qM="},"chainType":2,"messageKeys":{}},"BSrnjVZ6IaOSC+HrFyrL61wikXaNjur309vmsMsr8hwQ":{"chainKey":{"counter":0,"key":"CDZCehcL76zIFPfsChvJY3Lv7rHITL3LUtZeu7KuO7o="},"chainType":1,"messageKeys":{}}}},"BYK00Tw/MCRqYTPZkqMy89HHiwuqZrd3sS2ARM6VPEZI":{"registrationId":512902123,"currentRatchet":{"ephemeralKeyPair":{"pubKey":"BRrBC75NMy3iZoowDVWzWLmjNmGb8/eqNIIVAyeTqSEh","privKey":"mGvAp1RBq8J3fmD3ku8u6Sh22uRhLUEK50Id1bb1aFI="},"lastRemoteEphemeralKey":"BXLvXlnJ/Zm3t/gkhaXbGEEqmYlEz055a2zR419hysE+","previousCounter":0,"rootKey":"pUH5eHv/sO6pryUtV0YSf2E7TY/El3EpoHOlkGkC4jo="},"indexInfo":{"baseKey":"BYK00Tw/MCRqYTPZkqMy89HHiwuqZrd3sS2ARM6VPEZI","baseKeyType":2,"closed":-1,"used":1757601818125,"created":1757601818125,"remoteIdentityKey":"BVHQYfd9f4uLNrzwEwIFnFFDysj2kpfVtW52c9bkmgRL"},"_chains":{"BXLvXlnJ/Zm3t/gkhaXbGEEqmYlEz055a2zR419hysE+":{"chainKey":{"counter":1,"key":"BAQnajuop/j/fXmKjqeqoPq9FeW9Yw7cgvpFJexqyTU="},"chainType":2,"messageKeys":{}},"BRrBC75NMy3iZoowDVWzWLmjNmGb8/eqNIIVAyeTqSEh":{"chainKey":{"counter":0,"key":"/76lWrHXamKHikDI6RUZjQgYjPYiGGs4AXMAhxkFgFw="},"chainType":1,"messageKeys":{}}}}},"version":"v1"}