{"_sessions":{"BelRrFsnExZPn9Pc+TFMXrL+iVnnEvgvPArghh6kZ6hF":{"registrationId":512902123,"currentRatchet":{"ephemeralKeyPair":{"pubKey":"BWqge3DsCYBR0/tSlfPu+LDbrtUVPKQJItjWbS3bAlNm","privKey":"0AGUPdZbV/WdALN00zRcwN79i5Y54yjWZqTsuQv5bFY="},"lastRemoteEphemeralKey":"BSFnxkUnnv4r6afeCMD3ym0DZ0iEvVVPPqXXhZszH+BO","previousCounter":0,"rootKey":"OZzRIrdKOzfM4QfSC6iidDkc9UihUtQTHWyf99yxnEA="},"indexInfo":{"baseKey":"BelRrFsnExZPn9Pc+TFMXrL+iVnnEvgvPArghh6kZ6hF","baseKeyType":1,"closed":1757601620174,"used":1757601251963,"created":1757601219756,"remoteIdentityKey":"BVHQYfd9f4uLNrzwEwIFnFFDysj2kpfVtW52c9bkmgRL"},"_chains":{"BSFnxkUnnv4r6afeCMD3ym0DZ0iEvVVPPqXXhZszH+BO":{"chainKey":{"counter":1,"key":"pGC1fP3HmM32KZvtcDm6cAHDvbA1arodEIoDLTJcb+A="},"chainType":2,"messageKeys":{}},"BWqge3DsCYBR0/tSlfPu+LDbrtUVPKQJItjWbS3bAlNm":{"chainKey":{"counter":-1,"key":"7IseoLQhMj8U4D2NzMQU12tQHdhiWIm+8Q2dF3LT/Lo="},"chainType":1,"messageKeys":{}}}},"BfvEsEAOjfBbtDPWHiaEHAAphqmeq/1cw6BwNu+28Ydy":{"registrationId":512902123,"currentRatchet":{"ephemeralKeyPair":{"pubKey":"BREVYD1lca5c5nhqF/AdsPjF71ZnaHWlUvlEm8zckOdX","privKey":"GDz9deWCLnvrfsPbjba4DVON/IbTNW+7aJYMQxOGZlY="},"lastRemoteEphemeralKey":"BYoLWQQFfL2sFKHn/aOGfdPBywxfKY+/6Y4QipIPCUBN","previousCounter":0,"rootKey":"42KrzlJOzekZNWEKXqhGtoGX+Q15oiMYU9oL0e7Q0H8="},"indexInfo":{"baseKey":"BfvEsEAOjfBbtDPWHiaEHAAphqmeq/1cw6BwNu+28Ydy","baseKeyType":2,"closed":-1,"used":1757601620175,"created":1757601620175,"remoteIdentityKey":"BVHQYfd9f4uLNrzwEwIFnFFDysj2kpfVtW52c9bkmgRL"},"_chains":{"BYoLWQQFfL2sFKHn/aOGfdPBywxfKY+/6Y4QipIPCUBN":{"chainKey":{"counter":2,"key":"huDmBWnDTHHhEOM8JOeAYj3Pb7/j4Y6rBSyzsxrp9qE="},"chainType":2,"messageKeys":{}},"BREVYD1lca5c5nhqF/AdsPjF71ZnaHWlUvlEm8zckOdX":{"chainKey":{"counter":-1,"key":"e9G7W7VdGcQObi/VTMwvib0eWDK7qZLXUBGyf/woGpM="},"chainType":1,"messageKeys":{}}}}},"version":"v1"}