{"_sessions":{"Bee01c2V+LwOXsm14BE7HgI4sfDfbcp23i/l84hNgLd/":{"registrationId":375577496,"currentRatchet":{"ephemeralKeyPair":{"pubKey":"BcA89I7cVcdSDi8Lmujy4ZLp9JaL7BebBMG0kdTUfsoW","privKey":"iOQWjxSJ3E8YUT/6NkTO+cmTpK7OgB2kjLozaHrorXg="},"lastRemoteEphemeralKey":"BZEOTq+lIZzRM0wdtalAE7/IEjxdu1QN7SpIPxWeMWln","previousCounter":0,"rootKey":"OHdWRsX3eDRfTc8lLvkP1JAFZA1ZfDh8jzYF0KB7ceg="},"indexInfo":{"baseKey":"Bee01c2V+LwOXsm14BE7HgI4sfDfbcp23i/l84hNgLd/","baseKeyType":1,"closed":-1,"used":1757601219768,"created":1757601219768,"remoteIdentityKey":"BeE+5/IUK7fd/cMm+z7QaHUF0lHr0xYsn1mhCS74jgh0"},"_chains":{"BcA89I7cVcdSDi8Lmujy4ZLp9JaL7BebBMG0kdTUfsoW":{"chainKey":{"counter":0,"key":"tLmfNDj8QYEG/48bCYNi2etnpqDTS5yo113+ot5f108="},"chainType":1,"messageKeys":{}}},"pendingPreKey":{"signedKeyId":4,"baseKey":"Bee01c2V+LwOXsm14BE7HgI4sfDfbcp23i/l84hNgLd/","preKeyId":10205510}}},"version":"v1"}