{"_sessions":{"BRbgOJZtL9Y9qxW/8C6k/cHZvPfPgYUbN8xd8jsURaoW":{"registrationId":5702,"currentRatchet":{"ephemeralKeyPair":{"pubKey":"BdFsvlfZGN+hIEKaWMyRWIApENW8/q3jZ5P+PTcmfDAF","privKey":"2ChVCnSVvnWMCPGPomR6TvtQ2ol6TImncWU+KikvzGQ="},"lastRemoteEphemeralKey":"BQG+dDEvLZHfPSqkFqxP0/dhxMTbNJSk+oBJdzQ7wIUp","previousCounter":0,"rootKey":"OuG1RUFdJrYn+yaUBswE12T1meV0oPbEyxgraJ4VX7M="},"indexInfo":{"baseKey":"BRbgOJZtL9Y9qxW/8C6k/cHZvPfPgYUbN8xd8jsURaoW","baseKeyType":1,"closed":-1,"used":1757601219778,"created":1757601219778,"remoteIdentityKey":"BVd/p9V28tcAmsWXV4aAVBIL12CeWBOTbpAfNqPMvhZY"},"_chains":{"BdFsvlfZGN+hIEKaWMyRWIApENW8/q3jZ5P+PTcmfDAF":{"chainKey":{"counter":0,"key":"QjBC06DDlLz/BOyDVN17FIaf+x5BHVcuXAvNof19nic="},"chainType":1,"messageKeys":{}}},"pendingPreKey":{"signedKeyId":2,"baseKey":"BRbgOJZtL9Y9qxW/8C6k/cHZvPfPgYUbN8xd8jsURaoW","preKeyId":846}}},"version":"v1"}