{"_sessions":{"Bc1UKkX+CyCGvmDr9PEdFzEo1QLXoczfYBzFh9c4r2x7":{"registrationId":2014105107,"currentRatchet":{"ephemeralKeyPair":{"pubKey":"BZl5VC9he2dZougeHqZIdDrJnu0aGZSCUvp3Mtc1anwE","privKey":"4Hsk6YSbf+Tf2Zy+FmhCXjz8SKZtAV4IFN6XNgq8hnc="},"lastRemoteEphemeralKey":"BZPc6RqapQu9GOxXrXjlJPRG6x+0thhZ9pXyun3xVjxW","previousCounter":0,"rootKey":"1upYpwRkSOAUQwlm+YzdVO5Lj5XCfMMN3fBecpyftGI="},"indexInfo":{"baseKey":"Bc1UKkX+CyCGvmDr9PEdFzEo1QLXoczfYBzFh9c4r2x7","baseKeyType":1,"closed":-1,"used":1757601219774,"created":1757601219774,"remoteIdentityKey":"BXB5ios5xLzdcYhXVFnyZ1bAEcg3HkUozvtmz39Y0XoQ"},"_chains":{"BZl5VC9he2dZougeHqZIdDrJnu0aGZSCUvp3Mtc1anwE":{"chainKey":{"counter":1,"key":"FwHOVxpYctSurW7Hh6bbZ4RyJ5NoYUZDEIYx0KjioDg="},"chainType":1,"messageKeys":{}}},"pendingPreKey":{"signedKeyId":0,"baseKey":"Bc1UKkX+CyCGvmDr9PEdFzEo1QLXoczfYBzFh9c4r2x7","preKeyId":10472681}}},"version":"v1"}