{"_sessions":{"BXIu++KybeF0VpeR8O53y6c42qP2tA2GIF89Fe9YJl56":{"registrationId":1479,"currentRatchet":{"ephemeralKeyPair":{"pubKey":"BQFVRzhACVOF2pilgxIl4zET7Nf35wuP3izkw3ZDDKVJ","privKey":"8BGBSQN+RZC2c/GYz60kRiPS+Aq99+H6QSxpUuf/R3Q="},"lastRemoteEphemeralKey":"BYdF+ngOeXIxXVvfLVoB4sJ5/cz6qGNguZdyRE/8VlND","previousCounter":0,"rootKey":"XiWaukfi2yE4FgC5f11puNXRcV9O2CSyQWhE1kLcbGs="},"indexInfo":{"baseKey":"BXIu++KybeF0VpeR8O53y6c42qP2tA2GIF89Fe9YJl56","baseKeyType":1,"closed":-1,"used":1757601469025,"created":1757601469025,"remoteIdentityKey":"BamCDUAwJGUXKnYKuO6mSdZ8U5ZMfahR1O1okqSEdDAz"},"_chains":{"BQFVRzhACVOF2pilgxIl4zET7Nf35wuP3izkw3ZDDKVJ":{"chainKey":{"counter":0,"key":"JwnODNAnPNazy6ELt4E305I8pCT14pk4+/oSpem5bdY="},"chainType":1,"messageKeys":{}}},"pendingPreKey":{"signedKeyId":2,"baseKey":"BXIu++KybeF0VpeR8O53y6c42qP2tA2GIF89Fe9YJl56","preKeyId":1573}}},"version":"v1"}