{"_sessions":{"Be7GuEskAiX8BY6OzsJLyE1LQH/V8CgH93gLr7cBIak2":{"registrationId":1856238007,"currentRatchet":{"ephemeralKeyPair":{"pubKey":"BR71ZUr/tDewv3B+NYfPnANK3ZWqMM0Xyrfh917b5Psm","privKey":"2C9kTZIs3rJoh53MUBvxI6w56DHmkHkd1hZdEdCz/0g="},"lastRemoteEphemeralKey":"BUvan6GUZ1vLtwmoayHE1zEbsHagGGbpT81HgpZGp1gk","previousCounter":0,"rootKey":"rLgljSy0/KRdTtdvvz1vo8msnn2dDfxqkgaNXQDwYio="},"indexInfo":{"baseKey":"Be7GuEskAiX8BY6OzsJLyE1LQH/V8CgH93gLr7cBIak2","baseKeyType":2,"closed":-1,"used":1757601700707,"created":1757601700707,"remoteIdentityKey":"Ba2fXYgKFYZ4Rp9zYo/t3HqtCuWbzjVpI8TZ3E/G2P0O"},"_chains":{"BUvan6GUZ1vLtwmoayHE1zEbsHagGGbpT81HgpZGp1gk":{"chainKey":{"counter":1,"key":"SqXDc5Nm/PnkeyZ5orBZuo6JNUMuwYOAFX6rpre0JSI="},"chainType":2,"messageKeys":{}},"BR71ZUr/tDewv3B+NYfPnANK3ZWqMM0Xyrfh917b5Psm":{"chainKey":{"counter":-1,"key":"TZxOCAm6um9wWaVPvZ12Gge969Isn6EX1zpY559sF7A="},"chainType":1,"messageKeys":{}}}}},"version":"v1"}