{"_sessions":{"BZJ9yOjIBgIE3MImuRAKtv3+Os/6Y1Ym7HdftyBWPRMC":{"registrationId":626460613,"currentRatchet":{"ephemeralKeyPair":{"pubKey":"Bem82cYSM8tnkJW0j8xS9rnVUuGb+u5OgPz/Lk+ca+pg","privKey":"YCxeQ5bHaQR/3EVhvnLXzmRkOFbrXl4/wblV+nrlZHk="},"lastRemoteEphemeralKey":"BXXjsS0u9JcqzSFChv7v41F558YNl+uTBxVb4zpy7oYx","previousCounter":0,"rootKey":"FZWwGUbvF5P+g2CxWjT6sNwFYV51ls2aW/HmGGwLxDo="},"indexInfo":{"baseKey":"BZJ9yOjIBgIE3MImuRAKtv3+Os/6Y1Ym7HdftyBWPRMC","baseKeyType":2,"closed":-1,"used":1757601603457,"created":1757601603457,"remoteIdentityKey":"BaA9cRMmfZVXZb7i63IIzpERBvS9iaQoQusl8No4+ccA"},"_chains":{"BXXjsS0u9JcqzSFChv7v41F558YNl+uTBxVb4zpy7oYx":{"chainKey":{"counter":1,"key":"nmMw0hXgE5T5+mvw8ayIBdrflcA+BpCyCzmCZRRtKzE="},"chainType":2,"messageKeys":{}},"Bem82cYSM8tnkJW0j8xS9rnVUuGb+u5OgPz/Lk+ca+pg":{"chainKey":{"counter":-1,"key":"+qzAHWtQoA6VzI0es4GnsqT2dDCPK27LCgPHVPt6Al4="},"chainType":1,"messageKeys":{}}}}},"version":"v1"}