{"_sessions":{"BbM9Wp/kkfDhtOwayGnoRsQiRCYQvdYQ5LM8xttUX3tb":{"registrationId":692930896,"currentRatchet":{"ephemeralKeyPair":{"pubKey":"BRmjyzuD7cMvhykMc8mDfOQC9Rg3Zwb1lU3duq7yYJVa","privKey":"uATg0dGuQyExyRdn8SyTxd0yjxA60l/XcfnwiKo+GFA="},"lastRemoteEphemeralKey":"BaRj7zL61jXxK9jFgn3Q4JE4FkwjFW+IrG3jmO33QeRE","previousCounter":0,"rootKey":"Waabj6c4hDON1/1DqaUoCySM1vR6gWzKauigb1JxWp8="},"indexInfo":{"baseKey":"BbM9Wp/kkfDhtOwayGnoRsQiRCYQvdYQ5LM8xttUX3tb","baseKeyType":1,"closed":-1,"used":1757602034886,"created":1757601219765,"remoteIdentityKey":"BZWXdoDq1XfHv6bXSbfuFUpkfaVzD+jJ3A8Mgonwyx40"},"_chains":{"BaRj7zL61jXxK9jFgn3Q4JE4FkwjFW+IrG3jmO33QeRE":{"chainKey":{"counter":1,"key":"1xV+g90bWYkcHkkwAwYYNkmoYLReUphRyN8QdqmQMq4="},"chainType":2,"messageKeys":{}},"BRmjyzuD7cMvhykMc8mDfOQC9Rg3Zwb1lU3duq7yYJVa":{"chainKey":{"counter":-1,"key":"bS0ZVsuplLxxq9TfXy2gofmjg/xJFR/wUY7lFwILrq4="},"chainType":1,"messageKeys":{}}}}},"version":"v1"}