{"_sessions":{"BRySvmML5XoxVLWSMBBYNH1h7LnfS0d3LwzL72Ayq4Ub":{"registrationId":1568706164,"currentRatchet":{"ephemeralKeyPair":{"pubKey":"BcMEhxFAvPXWHMDQ6HlPKVPyTaF5CH64Gnq40vAxFGQC","privKey":"EGhNX/tO/1UbdEpUJLiUzB6pmv+TP/8XSBMrDMYczHs="},"lastRemoteEphemeralKey":"Bc5051pRjaUn/BKolupeqHkyigCd65jCs4RmCemdDvk3","previousCounter":0,"rootKey":"lbPGBE3mEt1x3RR3vIT71E1fnegvoLC6vEqiz7fpHig="},"indexInfo":{"baseKey":"BRySvmML5XoxVLWSMBBYNH1h7LnfS0d3LwzL72Ayq4Ub","baseKeyType":1,"closed":-1,"used":1757601469021,"created":1757601469021,"remoteIdentityKey":"BfZUvYMRTDyAAD0xjq4oLUV+EacQCVoE2OvjvbCDU2sY"},"_chains":{"BcMEhxFAvPXWHMDQ6HlPKVPyTaF5CH64Gnq40vAxFGQC":{"chainKey":{"counter":0,"key":"xiEw8ifrJ/pOX/LPILqSAqOB6UIUkAWD3JTQUAvEHW4="},"chainType":1,"messageKeys":{}}},"pendingPreKey":{"signedKeyId":38,"baseKey":"BRySvmML5XoxVLWSMBBYNH1h7LnfS0d3LwzL72Ayq4Ub","preKeyId":5677573}}},"version":"v1"}