{"_sessions":{"BS0pmoDJZrKdPNFLkLgQH+B8GWLXSlOTwkDADzokE5ly":{"registrationId":835154485,"currentRatchet":{"ephemeralKeyPair":{"pubKey":"BQJM78kQITfC5mPr+erTAcgiNKeJWX/PZwSJeaLXYshp","privKey":"gHAMaV6atewwNGXB95S+c+MignfvNn9k90KXlFyGuEg="},"lastRemoteEphemeralKey":"BRnqoo52h8vTsADs+4m2ukScc7MX6XXirVCrxFOC63QY","previousCounter":0,"rootKey":"bb5aNMo47h3bFGMO3Qqh+wVlGDrkB+gVE9NuJoL7Wlc="},"indexInfo":{"baseKey":"BS0pmoDJZrKdPNFLkLgQH+B8GWLXSlOTwkDADzokE5ly","baseKeyType":1,"closed":-1,"used":1757601219772,"created":1757601219772,"remoteIdentityKey":"BYu0IpQ0VHe72r9xqV+pdiv+PkJfxs7u1MnCEdz3a80Y"},"_chains":{"BQJM78kQITfC5mPr+erTAcgiNKeJWX/PZwSJeaLXYshp":{"chainKey":{"counter":0,"key":"CqlWbN4hy0X3iIK2SKSvfyaljhI3bNkdbfcKXC+YH0Y="},"chainType":1,"messageKeys":{}}},"pendingPreKey":{"signedKeyId":10,"baseKey":"BS0pmoDJZrKdPNFLkLgQH+B8GWLXSlOTwkDADzokE5ly","preKeyId":11816192}}},"version":"v1"}