{"_sessions":{"BRSf9rtRi6imurGpi+LHdZ7iY3PzA8FLEKrRXa7b21ws":{"registrationId":1995510463,"currentRatchet":{"ephemeralKeyPair":{"pubKey":"BUIwI9t3vWGJ9CRxd4jiID0bZZrhQzj74AV0kceZNnUX","privKey":"WJEbHRpUQ1XG9V7PoIj4GAReY1iyUqiLGNYvztIVB3o="},"lastRemoteEphemeralKey":"BQS5CIXo8G9fObYT5h6JVF+u8Ff8Zcf4QoQfIBRIL+4L","previousCounter":0,"rootKey":"fqpv+zFh0xE6LMsmR+qzTZD/Auw98dqkrmZIA3n890k="},"indexInfo":{"baseKey":"BRSf9rtRi6imurGpi+LHdZ7iY3PzA8FLEKrRXa7b21ws","baseKeyType":1,"closed":-1,"used":1757601219777,"created":1757601219777,"remoteIdentityKey":"BXOiYCU0KCO6Nr5LTUx8wYbHw2NSNWIt3zlwhzSPfRZ+"},"_chains":{"BUIwI9t3vWGJ9CRxd4jiID0bZZrhQzj74AV0kceZNnUX":{"chainKey":{"counter":0,"key":"wKot7tymwQYHSjJnZPom7sRc0B3BBiPsJVewuvp+iZ4="},"chainType":1,"messageKeys":{}}},"pendingPreKey":{"signedKeyId":7,"baseKey":"BRSf9rtRi6imurGpi+LHdZ7iY3PzA8FLEKrRXa7b21ws","preKeyId":14041559}}},"version":"v1"}