{"_sessions":{"BTkFoeBPGp2CSPFfSmGxxMgmeP3wlyzl8wUgkzhiwvYY":{"registrationId":1701488370,"currentRatchet":{"ephemeralKeyPair":{"pubKey":"BWeKGSP/uPH4R1hD0b0+zdBt68odQefrBypZ8/NbmEhh","privKey":"yIlbaowzHqgY0zf7rprQ4xTsO+0oo54SkWakrGd2EX0="},"lastRemoteEphemeralKey":"Ba+niTrtmYRUC476RnYGccUszWOapQ2tzal+DzN2eRlI","previousCounter":0,"rootKey":"gbFQjEYnXSHDbEdZ235YnyoVvlNYGde1lriqHLylnOk="},"indexInfo":{"baseKey":"BTkFoeBPGp2CSPFfSmGxxMgmeP3wlyzl8wUgkzhiwvYY","baseKeyType":2,"closed":-1,"used":1757602608761,"created":1757601363049,"remoteIdentityKey":"BZLtzDIe32948zWxEpmmMvkT1e+Dk2Uqi/zJu+tIb0kp"},"_chains":{"BTbVQq+1g5qBdpSzdo1GXdXlpCv3QRy8hNoJMr3KtSVk":{"chainKey":{"counter":0},"chainType":2,"messageKeys":{}},"BcYsiu92CPqXy2xCMlAWWe6ua1DfnBMOX4bwwNmKfxtE":{"chainKey":{"counter":2},"chainType":2,"messageKeys":{"0":"kReg+NiuW1IEFnxyDus8ceKiDA56/Ex0PUSjuuRXblo="}},"BYQB98hK0u3LluCZGgodhz9KfKqud4zeJAUHVEMGAWta":{"chainKey":{"counter":1},"chainType":2,"messageKeys":{}},"BSLqzDMbDPIw+RFxSpFs/3ko1j7quB92XF/D/vE7r70Q":{"chainKey":{"counter":0},"chainType":2,"messageKeys":{}},"Ba+niTrtmYRUC476RnYGccUszWOapQ2tzal+DzN2eRlI":{"chainKey":{"counter":0,"key":"FW0UgKvMY3UHFiU+CeIga5WNVWxN59gX92cwZNFkgLY="},"chainType":2,"messageKeys":{}},"BWeKGSP/uPH4R1hD0b0+zdBt68odQefrBypZ8/NbmEhh":{"chainKey":{"counter":0,"key":"p+D5vMpWAzlj3plFzy51dqnTL563UhSznFfz8JypXkg="},"chainType":1,"messageKeys":{}}}}},"version":"v1"}