{"_sessions":{"BRDENVBTp8vj8s2DRtjIRMsRzMK3t9/q2jTTCSJf1Ktd":{"registrationId":309151671,"currentRatchet":{"ephemeralKeyPair":{"pubKey":"BRmTRE757IathvRyWqyncGuLqKcoA+PHfpzNSIYw9+14","privKey":"sMfSU3e2fYe7IKylT86aBHIlo/rrYxYG0z0pa9bK/Xk="},"lastRemoteEphemeralKey":"BQwpSf6eaihFAaaVakZtNXog3TXVwPHWaAAbeJk/1ttE","previousCounter":0,"rootKey":"6e+jc+/GVXxSuSPFUiG13OooaPISYZIZhgl810nD3H8="},"indexInfo":{"baseKey":"BRDENVBTp8vj8s2DRtjIRMsRzMK3t9/q2jTTCSJf1Ktd","baseKeyType":1,"closed":-1,"used":1757601219759,"created":1757601219759,"remoteIdentityKey":"BVAw44ZWDSMwOZjpvbgm5jx7ZMWrhQnGZUzyTqoLSnkq"},"_chains":{"BRmTRE757IathvRyWqyncGuLqKcoA+PHfpzNSIYw9+14":{"chainKey":{"counter":0,"key":"YjzTEURLQttS8d1ts2kfNFyJACfo/jV3ILSI1q1P9vw="},"chainType":1,"messageKeys":{}}},"pendingPreKey":{"signedKeyId":35,"baseKey":"BRDENVBTp8vj8s2DRtjIRMsRzMK3t9/q2jTTCSJf1Ktd","preKeyId":16620860}}},"version":"v1"}