{"_sessions":{"BYp/H628UrU8NkBFqeqgdtL9GrtX99PMrA6dn4ilpNRL":{"registrationId":1390464533,"currentRatchet":{"ephemeralKeyPair":{"pubKey":"Bd26g2dS3Ll742hZVRsYsh4DKV3VWb4n0/Kz0u4QkeI/","privKey":"CHk/YhTx++1ytzSeTS3B9lh3an7run8a4NWxnHfftVc="},"lastRemoteEphemeralKey":"BQcFbGD6nWpHbJWGzWPNf4AiUDJfm4mu4oHTDEyyQKto","previousCounter":0,"rootKey":"SsRp6+OYdTSB7Zdb0+lQWye2EWLf3JQ1Rv04JkHDD4U="},"indexInfo":{"baseKey":"BYp/H628UrU8NkBFqeqgdtL9GrtX99PMrA6dn4ilpNRL","baseKeyType":1,"closed":-1,"used":1757601219763,"created":1757601219763,"remoteIdentityKey":"BciBGvMBK0+G72QKomxtiscNgW2OvAZMLVSZ+EPYVRwB"},"_chains":{"Bd26g2dS3Ll742hZVRsYsh4DKV3VWb4n0/Kz0u4QkeI/":{"chainKey":{"counter":0,"key":"NbyYOHnjZYbxPdG5cwWp0xMns54VVK5T6wv/FPZFWGs="},"chainType":1,"messageKeys":{}}},"pendingPreKey":{"signedKeyId":8889305,"baseKey":"BYp/H628UrU8NkBFqeqgdtL9GrtX99PMrA6dn4ilpNRL","preKeyId":3828}}},"version":"v1"}