{"_sessions":{"BR9JvNQ/9ssEap1kPuJCG75IvcD7QwvJO8jVly+9LkAS":{"registrationId":259881576,"currentRatchet":{"ephemeralKeyPair":{"pubKey":"BVnb5oZECL6RxHilJKXzmMPiAEj5FswgNWSL+cbTlnNq","privKey":"YJY+eFzQPvFVe4UyfQoriKjD1lKkSPiD9A/q7TgTMHg="},"lastRemoteEphemeralKey":"BbLgTZEQFHBi6SbV7tWOATueroCBtrBlwZoPUtpn+1wI","previousCounter":0,"rootKey":"bCYd2tIsYf9c/fFxchXpfZC0GEJsgKrsTBgHPnedRRQ="},"indexInfo":{"baseKey":"BR9JvNQ/9ssEap1kPuJCG75IvcD7QwvJO8jVly+9LkAS","baseKeyType":1,"closed":-1,"used":1757601469019,"created":1757601469019,"remoteIdentityKey":"BRVjemvz3nAMfdY3cuSJGsVljmgRjVY2gU8wAUNHegMO"},"_chains":{"BVnb5oZECL6RxHilJKXzmMPiAEj5FswgNWSL+cbTlnNq":{"chainKey":{"counter":0,"key":"GEA5REXXnk3OgKlxZMJFgHZGu4SzIDc3RQs0Fp1ll2A="},"chainType":1,"messageKeys":{}}},"pendingPreKey":{"signedKeyId":66,"baseKey":"BR9JvNQ/9ssEap1kPuJCG75IvcD7QwvJO8jVly+9LkAS","preKeyId":5709353}}},"version":"v1"}