{"_sessions":{"BToYoXB/WFGJXpfXg49NElqEjf1iUPt+widRVJCSHFpZ":{"registrationId":1453015351,"currentRatchet":{"ephemeralKeyPair":{"pubKey":"BcTi0PHda8No2R7P1wPnyuraFCZr+HcG17DC9jWELclU","privKey":"aKT1zHvQfLVMvWVPno71CBZkz+j4L7Vh79aWduBueE0="},"lastRemoteEphemeralKey":"BYfDoJZE1mVlEqDmqQZrg7P/KDn6aPeydIl0Du9d+l03","previousCounter":0,"rootKey":"gBhSO2i+cDKHhpF/rgOveQyLh9Q9/LvPBBS3+18Nndk="},"indexInfo":{"baseKey":"BToYoXB/WFGJXpfXg49NElqEjf1iUPt+widRVJCSHFpZ","baseKeyType":1,"closed":-1,"used":1757601967072,"created":1757601469023,"remoteIdentityKey":"BYo4qQHvHp019DivpG+SwKlZg/iuG0wYmo0pYvbCC+95"},"_chains":{"BYfDoJZE1mVlEqDmqQZrg7P/KDn6aPeydIl0Du9d+l03":{"chainKey":{"counter":1,"key":"DzugoKBKXULed0DTLyZHGQxtaVPQ71zhmY6v9bJyLyE="},"chainType":2,"messageKeys":{}},"BcTi0PHda8No2R7P1wPnyuraFCZr+HcG17DC9jWELclU":{"chainKey":{"counter":-1,"key":"baNzQZhHgU3THX3WYDZyTIS9ZGR20Dg71qWnW/QCBJg="},"chainType":1,"messageKeys":{}}}}},"version":"v1"}