{"_sessions":{"BX5C2MChhuXLKWM3z3FWR1mftRpjwq/rgNdyvX1SjBFm":{"registrationId":1255665546,"currentRatchet":{"ephemeralKeyPair":{"pubKey":"BW55lMjQEO6mAJa0GKQLCHTES1fFzTwbxxT5ohmo+5F1","privKey":"0D+2iZ6xNxkOzpEvcI2pGbdQZwFhObb1JwTV+l5h4X4="},"lastRemoteEphemeralKey":"BQi+bSUXGE2RbgelfHsiyZ5uNKzbj3xnAW3lNafDOT43","previousCounter":0,"rootKey":"aOP91Mrzwpj1TqsWpNLD1zrPKL9o059J+X7N41tT0e8="},"indexInfo":{"baseKey":"BX5C2MChhuXLKWM3z3FWR1mftRpjwq/rgNdyvX1SjBFm","baseKeyType":1,"closed":-1,"used":1757601469026,"created":1757601469026,"remoteIdentityKey":"Be/thJ+PKbebF+UWQoJpVxZTVREgrVWMU7GufSHdIkN7"},"_chains":{"BW55lMjQEO6mAJa0GKQLCHTES1fFzTwbxxT5ohmo+5F1":{"chainKey":{"counter":0,"key":"0oSBCz8Gpem0TaaWDkZD8PCGRdMWeZ/tsNnx6ojLInM="},"chainType":1,"messageKeys":{}}},"pendingPreKey":{"signedKeyId":11131783,"baseKey":"BX5C2MChhuXLKWM3z3FWR1mftRpjwq/rgNdyvX1SjBFm","preKeyId":982}}},"version":"v1"}